Post URL,User,Author Name,Likes,Views,Shares,Comments,Comments Data,Caption,HashTags,Music,Date Posted,Date Collected
https://www.tiktok.com/@jaadiee/7198199504405843205,jaadiee,Jaadiee,14600000,105300000,338200,114200,"['this world finna end', 'Gramps got it']",Replying to @Big T. Styling the Big Red Boot ğŸ…±ï¸ğŸ¥µğŸ‘´ğŸ» ,#gramps #bigredboot #mschf #streetwear #fashion #styling #outfit #astroboy ,HOTEL LOBBY (Unc & Phew),2/9/2023 16:50,11/18/2023 18:04
https://www.tiktok.com/@_valentinemoon_/7017520592807103749,_valentinemoon_,Rosie Somerville,12400000,94900000,82600,76500,"['imagine having to use the bathroom right when u get ready ğŸ˜­', 'I love it and that is a LOT of layers']",Thank you sm for letting me know  my videos are being stolen! I have reported them so hopefully they get taken down â¤ï¸ ,#disney #sewing #fashion #diy,"Try Everything (From ""Zootopia"")",10/10/2021 19:23,11/18/2023 18:04
https://www.tiktok.com/@quentaloup/7248033321270136070,quentaloup,Quentaloup,11000000,56900000,84300,53600,"['CONAN GRAY VIBES', 'CONAN GRAY WOULD WEAR THIS']",â¤ï¸ so proud of this project !  ,#craft #fashion #diy #beadedjewelry  ,Attention,6/23/2023 23:51,11/18/2023 18:04
https://www.tiktok.com/@gioz111/7130344602581650693,gioz111,GIO,10300000,70000000,13000,12800,"['in ""Cruella"" am i the only One who noticed That Christina Ricci looks the same in Wednesday?', 'Dubai luxury lady vibes']",Cruella hace un vestido con capullos de polillas ,#parati #cruella #polilla #dress #fashion #disney #diseÃ±odemoda #emmastone,Love You So,8/10/2022 20:18,11/18/2023 18:04
https://www.tiktok.com/@jaadiee/6865297338781519110,jaadiee,Jaadiee,9800000,61300000,189300,61700,"['Dripppy drip', 'To be honest I just want likes']",Grateful Gramps ğŸ‘´ğŸ»ğŸ’› ,#gramps #opa #streetwear #fashion #drake #mode #makeover,Know Yourself,8/26/2020 14:20,11/18/2023 18:04
https://www.tiktok.com/@nickelodeon/6939314340780625158,nickelodeon,Nickelodeon,9700000,56700000,179400,98000,"['@chl003_ I', 'Oh she is still alive ??ğŸ˜®']",slime looks good on ya @charlidamelio ğŸ’š ,#kca #slime #charlidamelio #surprise #fashion #slimed,original sound,3/14/2021 1:23,11/18/2023 18:04
https://www.tiktok.com/@jaadiee/7199683549602073862,jaadiee,Jaadiee,9300000,48300000,257800,78700,"['Wish she would stop playing so we could do this fr', 'this is the cutest thing everğŸ˜˜']",Ready for their date ğŸ¥¹ğŸ’  ,#grwm #valentinesday #vday #date #gramps #grandparents #fashion #streetwear #style ,Love songX,2/13/2023 16:49,11/18/2023 18:04
https://www.tiktok.com/@hahahallberg/7204888387323530501,hahahallberg,Daniel Hallberg,8900000,124100000,60300,30900,"['LMAOO IM SO CONFUSED ???? WHAT IS HAPPENING', ""omg I'd fall for sure""]",@AVAVAV Fashion Show  ,#milanfashionweek #fail #fashionfail #fashionweek #funny #lol #fashion ,Benny Hill Theme,2/27/2023 17:26,11/18/2023 18:04
https://www.tiktok.com/@deannagiulietti/6916914133887716613,deannagiulietti,Deanna Giulietti,8000000,44300000,12900,15300,"['that blue looks amazing on you!!', 'I think it looked better before she fixed it']",She is righting her wrongs. ,#ootd #gown #dress #designer #love #laugh #comedy #jokes #happy #model #happy #goodvibes  #fashion,original sound,1/12/2021 16:39,11/18/2023 18:04
https://www.tiktok.com/@crescentshay/6930038872109812998,crescentshay,Shay,7800000,34300000,50900,68800,"['@mysticc_clouddx yuppie she making my future dresses this is nice', 'CAN I BUY IT FROM YOU??!!!']","ğŸ¸ making a frog dress ğŸ¸ (this is part 1, the base dress. part 2 will have the coat!) ",#frogtok #fashion #diy #frog,Campus,2/17/2021 1:30,11/18/2023 18:04
https://www.tiktok.com/@luv_cheeds/7255823289430412586,luv_cheeds,Stitchâ€‚Demon,6900000,36200000,146600,50700,"['baggiest atlanta fit', 'bros homefull']",,#stitch with @FITXFEARLESS i cant feel my bottom half hut at least i dont look homeless #fyp#viral#homeless#classy#fashion,original sound,7/14/2023 23:40,11/18/2023 18:04
https://www.tiktok.com/@mood_m1221/6978365096766508294,mood_m1221,Mood,6600000,36900000,119900,149200,"['iâ€™m sorry but itâ€™s the fact that she continued tripping that made me laughğŸ˜­', 'omg I feel so bad for her\nshe must feel so embarrassed']","The sad thing about the fashion runway, this girl sufferedğŸ˜” ",#runway #sadgirl #sad #model #foryou #supermodel #design #pfw #fashion,billie eilish bellyache slowed reverb,6/27/2021 7:00,11/18/2023 18:04
https://www.tiktok.com/@ceci.monge/6964798580116688134,ceci.monge,Ceci.monge,6500000,23100000,82100,118400,"['Do better @converse and PAY UP', ""if I'm honest, it was probably someone in the company who saw your ideas and then used them as their idea and no one else knew. It's awful either way""]",Ouch @converse ,#internship #design #smalldesigner #plzstopstealing #fashion #TWDSurvivalChallenge #fyp,original sound,5/21/2021 17:35,11/18/2023 18:04
https://www.tiktok.com/@iconic_modelss/7148142149866097926,iconic_modelss,MODELS,6400000,29300000,13800,16400,"['Can you make one of Guo Pei please? ğŸ¥°', 'This is ART literally masterpieces âœ¨']",Schiaparelli by Daniel Roseberry | ,#schiaparelli #danielroseberry #fashion ,original sound,9/27/2022 19:22,11/18/2023 18:04
https://www.tiktok.com/@coristrike/7127803333208968494,coristrike,Cori Strike,6400000,28800000,60000,42800,"['Can someone please explain to me how this is physically possible', 'I need to find onceler rn']",@rachleahx is gonna eat this up ğŸ’€,#PostitAffirmations #fashion #ootd #styling #thneed,How Bad Can I Be?,8/3/2022 23:57,11/18/2023 18:04
https://www.tiktok.com/@farrisfilms/7082392210632723754,farrisfilms,FarrisFilms,6300000,41200000,30200,33900,"['Me when I type â€œlmfaoâ€', 'I thought he was gonna smirk ğŸ˜­']",You barely get wet on this ride ğŸ˜ @thatstraightfaceguy ,#fyp #foryou #AFairShotWithBlock #fashion #lifeadvice,original sound,4/3/2022 14:58,11/18/2023 18:04
https://www.tiktok.com/@vivacious.honey/7029001518082936111,vivacious.honey,Vanessa Chen,6100000,55900000,35200,15800,"['Day', 'Night']",Team DAY or NIGHT? â˜€ï¸ğŸŒ™ OUTFITS ON MY LTK â€¼ï¸ ,#fyp #foryou #fashiontok #inspo #aesthetic #fashion #ootd #outfit #style #fallfashion #winterfashion,SAD GIRLZ LUV MONEY - Remix,11/10/2021 17:55,11/18/2023 18:04
https://www.tiktok.com/@dymon98/6994074972683603205,dymon98,DymonğŸ’,6000000,19300000,83700,79000,"['imagine trying to match your outfits with your hair everyday', 'is it like hairspray or does he dye his hair everyday']",Why be like everyone else? ,#haircut  #fypage #fashion #glowup,TYSM FOR USING THIS SOUND,8/8/2021 15:02,11/18/2023 18:04
https://www.tiktok.com/@denisemmercedes/6798575975421463814,denisemmercedes,Denise Mercedes,6000000,37600000,56700,33200,"['people don\'t understand that the point is style not size, it doesn\'t matter what size you are you can rock it. it\'s not about ""who wore it best""', 'wouwww both of you are beautifull ğŸ¥°']","My mini series with my bff @mariacastellanos_ri called â€œStyle, Not Sizeâ€! Looks from ","#Zara Which outfit was your fav? 1, 2, or 3?! #fashion",Say So,2/28/2020 19:07,11/18/2023 18:04
https://www.tiktok.com/@crescentshay/6913715799643639045,crescentshay,Shay,5900000,22100000,83700,61700,"['ngl, I was a bit burnt out after the social distancing dress - Iâ€™ll be back to bigger projects, but this little dress was a well needed break ğŸ˜ŒğŸ’›', 'omggggg i would murder for a chance to wear a dress like that']",making my dream cottagecore dress (aka my daisy dress ğŸŒ¼) - inspired by the strawberry dress! ,#diy #fashion #cottagecore #strawberrydress,Line Without a Hook,1/4/2021 1:48,11/18/2023 18:04
https://www.tiktok.com/@sh1ryinyin/6847003743809015046,sh1ryinyin,Sh1ryinyin,5900000,43800000,272100,71600,"['Is it just me or are they FREAKINF TALL?? And damnn let me leave The Netherlands asapğŸ˜”', 'oh to be âœ¨s k i n n yâœ¨']",Take me back to ChinağŸ˜« ,#fashion #streetwear #xyzbca,How You Like That,7/8/2020 7:11,11/18/2023 18:04
https://www.tiktok.com/@crescentshay/6884764760387128582,crescentshay,Shay,5900000,31100000,19100,25500,"['This will go down in history', 'You should attach a tube to a shoe and attach the other end to the Tubes! So when you walk it pushes it foreword! It will make it easier to walk!ğŸ¥ºğŸ˜…']","making a 12ft social distancing dress - part 1: the hoopskirt! part 2 is going to be the overskirt, bodice, and a matching mask! ğŸ’• ",#diy #fashion,You Know It,10/18/2020 1:24,11/18/2023 18:04
https://www.tiktok.com/@elf3141592/7084799954362944773,elf3141592,ELF3141592,5800000,53600000,36700,32500,"['The :poserğŸ˜\ncamera memory-ğŸ’€ğŸ’€ğŸ’€', 'Can we see reults?']",Can you learn these moves?,#pose #fashion #uktiktok #photo #fyp,original sound,4/10/2022 2:42,11/18/2023 18:04
https://www.tiktok.com/@annavgantt/7021248231778585862,annavgantt,Anna Gantt,5800000,32700000,59400,76900,"['Itâ€™s crazy bc realistically your size is the beauty standard, casting directors stuck in the 2000â€™s', 'BOOSTING THIS']",Welcome to the reality of modeling in NYC. I'm so crushed. ,#fyp #nyc #modeling #fashion #model #nyclife,original sound,10/20/2021 20:29,11/18/2023 18:04
https://www.tiktok.com/@nico1eodeon/7139310982605704494,nico1eodeon,Nicole,5700000,30700000,6564,18300,"['Wednesday was giving me mean girl vibes', 'On Wednesdays we wear pink ğŸ’…']",Being a pe teacher would be sm fun ğŸ§˜ğŸ¾â€â™€ï¸,#fyp#fashion ,,9/4/2022 0:12,11/18/2023 18:04
https://www.tiktok.com/@dreadworks/7292209382996151557,dreadworks,dreadworks,34300,125000,78,58,"['MONAEEEEE', 'their @?']",Female fitsâ€¦ ,#outfit #outfits #outfitinspo #fitinspo #outfitidea #outfitideas #fashion #clothing #aesthetic #style #femaleoutfit #femaleoutfits #femalefits ,Ex-Factor,10/21/2023 0:56,11/18/2023 18:04
https://www.tiktok.com/@dreadworks/7290292107573579014,dreadworks,dreadworks,23000,105800,43,29,"['My style', 'whoâ€™s the third and fourth person']",Female fitsâ€¦ ,#outfit #outfits #outfitinspo #fitinspo #outfitidea #outfitideas #fashion #clothing #aesthetic #style #femaleoutfit #femaleoutfits,been away jersey club,10/15/2023 20:56,11/18/2023 18:04
https://www.tiktok.com/@dreadworks/7285456832221416710,dreadworks,dreadworks,18000,98100,42,40,"['Mother!!', '10s across the board! ğŸ”¥']",Maria fitsâ€¦ ,#outfit #outfits #outfitinspo #fitinspo #outfitidea #outfitideas #fashion #clothing #aesthetic #style #femaleoutfit #femaleoutfits #femalefits #mariabeltre #looseunicorns ,Temptation,10/2/2023 20:13,11/18/2023 18:04
https://www.tiktok.com/@dreadworks/7301136868844850437,dreadworks,dreadworks,777,4728,4,1,['Thatâ€™s tuff!ğŸ’¨'],Female fitsâ€¦ ,#outfit #outfits #outfitinspo #fitinspo #outfitidea #outfitideas #fashion #clothing #aesthetic #style #ptso #femaleoutfit #femaleoutfits ,BRB,11/14/2023 2:20,11/18/2023 18:04
https://www.tiktok.com/@vrtualwcuts/7246063928818552106,vrtualwcuts,ğŸ¾,583,12500,12,85,"['only works w black hair atleast the creator of the mask makes more coloursbb', 'I donâ€™t know why so much people hating']",so cutee ,#fakeheadless #tutorial #tut #headlesshorseman #headless #cutefit #female #femaleoutfit #outfit #emocore #dhgirl #cutecore #o #ok #ong ,kiss me like its the first time,6/18/2023 16:29,11/18/2023 18:04
https://www.tiktok.com/@dreadworks/7288808831277157637,dreadworks,dreadworks,503,4416,1,1,['Whatâ€™s the second girls @'],Female fitsâ€¦ ,#outfit #outfits #outfitinspo #fitinspo #outfitidea #outfitideas #fashion #clothing #aesthetic #style #femaleoutfit #femaleoutfits ,original sound - Siangyoo,10/11/2023 21:00,11/18/2023 18:04
https://www.tiktok.com/@dreadworks/7277416877280791813,dreadworks,dreadworks,505,5398,3,0,[],Female fitsâ€¦ ,#outfit #outfits #outfitinspo #outfitidea #outfitideas #fitinspo #fashion #clothing #aesthetic #style #femaleoutfit #femaleoutfits ,"Only you my girl, only you babe - looped version",9/11/2023 4:14,11/18/2023 18:04
https://www.tiktok.com/@az7102004/7099236058180668677,az7102004,user9533559717951,394,2662,1,4,"['ğŸ˜ğŸ˜ğŸ˜', 'ğŸ˜ğŸ˜ğŸ˜']",,#originalsoundspart119#originalsoundpart119#originalsounds#originalsound#thatissofetch#gretchenwieners#karensmith#cadyheron#reginageorge#lindsaylohan#laceychabert#rachelmcadams#amandaseyfried#aaronsamuels#jonathanbennett#gretchenstoptryingtomakefetchhappenitsnotgoingtohappen#gretchenstoptryingtomakefetchhappen#2004#2004movie#2004movies#meangirls1#meangirls#meangirlsmovies#meangirlsscene#meangirlsscenes#nostalgia2000s#nostalgiateenmovie#nostalgiateenmovies#nostalgiamovie#femaleoutfit#itssofetch,STOP TRYING TO MAKE FETCH HAPPEN,5/19/2022 0:21,11/18/2023 18:04
https://www.tiktok.com/@dreadworks/7295542526252027141,dreadworks,dreadworks,528,4145,1,1,['some is heat'],Female fitsâ€¦ ,#outfit #outfits #outfitinspo #fitinspo #outfitidea #outfitideas #fashion #clothing #aesthetic #style #femaleoutfit #femaleoutfits #femalefits,CPR,10/30/2023 0:31,11/18/2023 18:04
https://www.tiktok.com/@dreadworks/7286311492876520709,dreadworks,dreadworks,327,4145,1,0,[],Female fitsâ€¦ ,#outfit #outfits #outfitinspo #fitinspo #outfitidea #outfitideas #fashion #clothing #aesthetic #style #femaleoutfit #femaleoutfits #femalefits #femalefitspo ,original sound,10/5/2023 3:30,11/18/2023 18:04
https://www.tiktok.com/@dreadworks/7281805801813970181,dreadworks,dreadworks,334,3728,6,3,"['ValidÃ©', 'Who is #7 please']",Female fitsâ€¦ ,#outfit #outfits #outfitinspo #fitinspo #fashion #clothing #aesthetic #style #femaleoutfit #femaleoutfits,girls need love girls edition,9/23/2023 0:05,11/18/2023 18:04
https://www.tiktok.com/@dreadworks/7294341682445831430,dreadworks,dreadworks,317,3026,2,0,[],Female fitsâ€¦ ,#outfit #outfits #outfitinspo #fitinspo #outfitidea #outfitideas #fashion #clothing #aesthetic #style #femaleoutfit #femaleoutfits #femalefits,i loved,10/26/2023 18:51,11/18/2023 18:04
https://www.tiktok.com/@dreadworks/7299334753700924678,dreadworks,dreadworks,431,2882,2,1,['Only saving in case ğŸ˜‚ I get a girl.'],Female fitsâ€¦ ,#outfit #outfits #outfitinspo #fitinspo #outfitidea #outfitideas #fashion #clothing #aesthetic #style #ptso #femaleoutfit #femaleoutfits #femalefit #femalefits ,Song by me,11/9/2023 5:46,11/18/2023 18:04
https://www.tiktok.com/@dreadworks/7293282758334418182,dreadworks,dreadworks,296,3123,0,0,[],Female fitsâ€¦ ,#outfit #outfits #outfitinspo #fitinspo #outfitidea #outfitideas #fashion #clothing #aesthetic #style #femaleoutfit #femaleoutfits #femalefits ,pick up the phone,10/23/2023 22:22,11/18/2023 18:04
https://www.tiktok.com/@dreadworks/7302607722644655365,dreadworks,dreadworks,293,1905,3,0,[],Female fitsâ€¦ ,#outfit #outfits #outfitinspo #fitinspo #outfitidea #outfitideas #fashion #clothing #aesthetic #style #ptso #femaleoutfit #femaleoutfits #femalefits ,Diamondz n Roses - Original Ver.,11/18/2023 1:27,11/18/2023 18:04
https://www.tiktok.com/@sckgirlly.01xxn/7183122582781037866,sckgirlly.01xxn,JulyğŸ’‹,283,31700,10,141,"['Oh nahğŸ’€', 'â˜ ï¸â˜ ï¸â˜ ï¸']",,#fyp #roblox #military #outfit #robloxoutfitideas #femaleoutfit ,Tokyo Phonk Drift,12/31/2022 1:44,11/18/2023 18:04
https://www.tiktok.com/@shopfe1gn/7220553772186078469,shopfe1gn,shopfe1gn,294,4362,1,13,"['congrats on 1k members brooğŸ’š', 'fe1gn pants never fail to empress ğŸ—£ï¸ğŸš¨ğŸ¦…']",rllt random i jus be bored ,#roblox #r6robloxoutfits #headless #r6fits #robloxian #dhrproblox #6 #dahood #roblox #dhrp #dollhouse #dh #robloxclothing #dahood #outfitidea #outfitstosteal #outfitdump #aura #boy #outfitloader #yabujincore #webcore #yabcore #ihaveagirlfriend #7uary #femaleoutfit ,Oh Yuh,4/10/2023 22:36,11/18/2023 18:04
https://www.tiktok.com/@dreadworks/7296999728334556421,dreadworks,dreadworks,395,3758,0,0,[],Female fitsâ€¦ ,#outfit #outfits #outfitinspo #fitinspo #outfitidea #outfitideas #fashion #clothing #aesthetic #style #ptso #femaleoutfit #femaleoutfits #femalefits ,right my wrongs jersey club,11/2/2023 22:45,11/18/2023 18:04
https://www.tiktok.com/@beachfront./7111361699088846123,beachfront.,cujo,235,3413,0,11,"['Clothing looks good', '@tmhqz']",@00.audios for the audio | female roblox fits | ,#viral #roblox #StJudeDadPhotos #emo #dahood #dh #dhfit #fit #outfit #outfitinspo #fyp #female #feminine #f #femaleoutfit #femalefit,messages from the stars,6/20/2022 16:35,11/18/2023 18:04
https://www.tiktok.com/@dreadworks/7282475261927460102,dreadworks,dreadworks,450,5242,3,0,[],Female fitsâ€¦ ,#outfit #outfits #outfitinspo #fitinspo #outfitidea #outfitideas #fashion #clothing #aesthetic #style #femaleoutfit #femaleoutfits,Flex Up,9/24/2023 19:23,11/18/2023 18:04
https://www.tiktok.com/@vdxsiredv/7196065591399271726,vdxsiredv,Desire,216,6244,1,8,"['Oh!', 'Dang girl you rich love it :)']",New Account . ğŸ‘‹ğŸ½       ,#roblox #GetCrackin #robloxoutfit #female #femaleoutfit #fit #outfit #fyp #foryou #blowthisup #viral #foryoupage ,original sound,2/3/2023 22:49,11/18/2023 18:04
https://www.tiktok.com/@dreadworks/7300390572219501830,dreadworks,dreadworks,278,2270,1,0,[],Female fitsâ€¦ ,#outfit #outfits #outfitinspo #fitinspo #outfitidea #outfitideas #fashion #clothing #aesthetic #style #ptso #ddg #femaleoutfit #femaleoutfits,SHE DONT PLAY,11/12/2023 2:04,11/18/2023 18:04
https://www.tiktok.com/@sisuzaa/7268097630729817345,sisuzaa,suza,198,2318,8,5,"['Harriet when I donâ€™t let a 3 star cougar maul my face off', 'ğŸ˜‚ğŸ˜‚ğŸ˜‚']",harriet just sprays me because she can at this point ğŸ˜” ,#reddeadredemption2 #reddeadredemption #reddead #reddeadonline #rdo #rdo2 #rdooutfit #rdooutfits #steampunk #rockstargames #gaming #gamingclips #rdr2 #outfits #femaleoutfit #rdrfemaleoutfits #rdofemaleoutfit #pc #rdopcplayer #online #onlinegames #gamestiktok #fyp #foryoupage #foryou #horses #horsegame #gamer #rdoharriet #harrietdavenport ,son original,8/17/2023 1:30,11/18/2023 18:04
https://www.tiktok.com/@7outdoorlordes/7254221587841322245,7outdoorlordes,7outdoor-Lordes,149,9217,8,5,"['nice', 'How much']",Say No more. ğŸ”¥ğŸ”¥ğŸ”¥ğŸ”¥ğŸ’¯  ğŸ“ğŸ“0702887106 ,#cargopants #femaleoutfit #unisexcargopants #tacticalpants #outdoorpants #tacticalgear #tactical #511tactical #511 #7outdoorlordes #outdoor #outdoorgear ,original sound,7/10/2023 16:04,11/18/2023 18:04
https://www.tiktok.com/@pink_smash/7200435520390925573,pink_smash,kurmanci,141,5237,1,5,"['da hood..?', 'Do for boys']",,#femaleoutfit  #idea  #dahood  #fit  #itsgone ,Originalton,2/15/2023 17:27,11/18/2023 18:04
https://www.tiktok.com/@hahahallberg/7204888387323530501,hahahallberg,Daniel Hallberg,8900000,124100000,60300,30900,"['LMAOO IM SO CONFUSED ???? WHAT IS HAPPENING', ""omg I'd fall for sure""]",@AVAVAV Fashion Show  ,#milanfashionweek #fail #fashionfail #fashionweek #funny #lol #fashion ,Benny Hill Theme,2/27/2023 17:26,11/18/2023 18:04
https://www.tiktok.com/@kenzlawren/7137899268580445482,kenzlawren,Kenz LawrÃ©n,5300000,24900000,6570,5782,"['you had a GREAT walk. so smooth. Goodluck fingers crossed for ya.', 'Thatâ€™s intimidating. Everyone looks hot ğŸ˜…']",REAL ,#behindthescenes of LAFW castings #LAfashionweek #fashionweek #runwaymodels #modeltok #modeltiktok #storytime ,RAVE,8/31/2022 4:54,11/18/2023 18:04
https://www.tiktok.com/@breebilliter/7064286394025348398,breebilliter,Bree Billiter,4900000,22400000,4824,5978,"['Literally made with lots of loveğŸ¥°', 'Dedication ğŸ¥²']",The making of the burn book dress ,#nyfw #fashionweek #tiktokfashionmonth #meangirls #reginageorge #burnbook #myart @nyfw @artheartsfashion,Bomb Intro / Pass That Dutch,2/13/2022 19:59,11/18/2023 18:04
https://www.tiktok.com/@overtime/7154028291324693802,overtime,Overtime,4800000,51100000,40200,25600,"['The pink garbage bag managed just fine', 'people saying ""oooooh"" makes it more embarrasing and worse']",I mean at least they werenâ€™t the only one ğŸ˜­ (h/t tobiasgoon/ig) ,#fashionweek #falling #shoutoutot ,original sound,10/13/2022 16:03,11/18/2023 18:04
https://www.tiktok.com/@taylortiminskas/7194931594484845870,taylortiminskas,Taylor Timinskas,4100000,24400000,24500,12900,"['Oh I actually wasnâ€™t finished with-', 'She definitely ate but so did in fact, leave crumbs, and cutlery']",(di)vision show at copenhagen fashion literally left no crumbs ,#fashionweek ,original sound,1/31/2023 21:29,11/18/2023 18:04
https://www.tiktok.com/@thefashioncouple/6924760566653357317,thefashioncouple,THEFASHIONCOUPLE,4100000,23100000,26900,15800,"['WHEW', 'itâ€™s very much giving all american vibes .']",Which show did we kill? Hats by @thebuckshat ,#fy #fashionshow #styleinspiration #foryou #viral #prada #versace #trending #frontrowtiktok #style,Originalton,2/2/2021 20:07,11/18/2023 18:04
https://www.tiktok.com/@i_d/7149868321041599749,i_d,i-D,3900000,49700000,104200,64900,"['FASHION IS GETTING FUN AGAINNNNNNN', 'Fashion has become so conceptual no one even knows whatâ€™s going on anymore']",Somebody think of the shoes! ğŸ«£ ,#balenciaga #mudpit #pfw #fashionweek #tiktokfashion #fashionforyou #fyp ,original sound,10/2/2022 11:00,11/18/2023 18:04
https://www.tiktok.com/@ninacelested/7211978773518896426,ninacelested,nina,3700000,32200000,2751,3830,"['the fact that this sound like zendaya vocabulary, i can hear her saying that', 'I need zendaya to confirm this asap']",,#duet with @voguemagazine I â™¥ï¸ her #zendaya #lipreading #lipreadinggirl #lipreader #celebrities #emmastone #lipreadingcelebrities #parisfashionweek #fashionweek ,original sound,3/18/2023 20:01,11/18/2023 18:04
https://www.tiktok.com/@studnioo/7143225802061057285,studnioo,OndÅ™ej Studnick,3600000,28000000,14100,7672,"['What brand should i do next ?', 'America vs Europe']",Replying to @Vincent Huynh Ralph Lauren>>> ,#ralph #lauren #ralphlauren #polo #fyp #foryou #foryoupage #fashio #fashion #fashiontiktok #fashioninspo #fashionweek #fashiontok,sweet caroline but dark academia,9/14/2022 13:24,11/18/2023 18:04
https://www.tiktok.com/@brothaxolotls/7150344415138123013,brothaxolotls,Brothaxolotls,3300000,27700000,31700,21300,"['the pose at the end ğŸ˜­ he KNEW. he was feeling bonitağŸ¥°', 'why is he not moving..']",Red dress â¤ï¸â€ğŸ”¥ ,#fyp #foryou #pourtoi #fashionweek #axolotl #viral #petsoftiktok #animalsoftiktok #minecraft #roblox #reddress #lanadelrey #xyzbca ,Originalton,10/3/2022 17:48,11/18/2023 18:04
https://www.tiktok.com/@ohpolly/7201922982598528262,ohpolly,Oh Polly,3100000,26700000,13700,3451,"['Whatâ€™s the name of this dress??!!', 'does the body come with the dress ğŸ˜«']",Show stopping dresses>> ,#fyp #ohpolly #runway #fashionweek #maxidress #itgirl ,som original,2/19/2023 17:39,11/18/2023 18:04
https://www.tiktok.com/@greti__molnar/7147081026446134534,greti__molnar,MolnÃ¡r GrÃ©ti,3100000,34100000,44500,15900,"[':ğŸŒŸğŸŒŸâœ¨ğŸ’“ğŸ’“ğŸ’“ğŸ’‹â¤ï¸ğŸ’˜ğŸ’˜my brilliant boy ğŸ’–ğŸ’–ğŸ’—ğŸ¤—ğŸ¤—ğŸ’šğŸ’šğŸ’šğŸ’›ğŸ’›ğŸ’›ğŸ’ğŸ’ğŸ’ğŸŒŸâœ¨ğŸŒŸğŸŒŸâ­â­ğŸ’«â­ğŸŒŸğŸŒŸâ­ğŸ’–ğŸ’–ğŸ’–ğŸ’ğŸ’ğŸ’˜ğŸ’˜', 'husband looking stunning as ever']",@michelemorrone at the Dolce&Gabbana Fashion Show in MilanğŸ‘€ ,#foryou #milan #fwm #fashionweek #dolcegabbana #fypã‚· #michelemorrone ,I See Red,9/24/2022 22:44,11/18/2023 18:04
https://www.tiktok.com/@thefashioncouple/6926273319163546886,thefashioncouple,THEFASHIONCOUPLE,3000000,17800000,19500,12200,"['DIOR ğŸ˜ğŸ˜©', 'I love the CHANEL one ğŸ˜ğŸ˜©']","Since yâ€™all wanted a part 2, here we goğŸ¥¶follow our personal @sir_bucks @janinaneoral ",#fy #foryou #viral #frontrow #fashionshowchallenge #viral #style,Originalton,2/6/2021 21:58,11/18/2023 18:04
https://www.tiktok.com/@laurashae/7119159111622692101,laurashae,Laura Shae,2900000,16900000,4750,9552,"['Not Bella chinking the brand of the glasses ğŸ˜­ğŸ˜­ğŸ˜­', 'Bella looking at the glasses: â€œwhat is Shein?â€ ğŸ’€']",Balenciaga Dinner in Paris ,#kimkardashian #krisjenner #bellahadid #dualipa #chiaraferragni #nicolekidman #alexademie #christinequinn #emilyratajkowski #ashleyolsen #faikhadra #paris #hautcouture #fashionweek #fyp #foryou#parisfashionshow #viral #balenciaga,Originalton,7/11/2022 16:53,11/18/2023 18:04
https://www.tiktok.com/@nina/7143450534337563950,nina,Nina Dobrev,2700000,14500000,5174,5919,"['THIS IS SO ICONIC', 'OH THESE ARE RHE GIRLS']",Find My IPhone ,#fashionweek #vanessahudgens #sabrinacarpenter #kekepalmer #alexandradaddario #kaitlyndever ,CUFF IT,9/15/2022 3:56,11/18/2023 18:04
https://www.tiktok.com/@girls_model_and_fitness/7137104198860098821,girls_model_and_fitness,Girls model and fitness,2600000,36200000,89200,11300,"['Iâ€™m not better than a man', 'And then you see the faceğŸ’€']",,#WowJetour #fashionweek #chicalinda #modelos #fitnessmodel #girls #model #sexy #fitness #fashion #chica #fitnessgirl #modelo #models #hermosa #cuerpofit,Crazy in Love,8/29/2022 1:29,11/18/2023 18:04
https://www.tiktok.com/@kjbelll/6981842945314000134,kjbelll,kelly â¤ï¸,2500000,11700000,127800,217400,"['i feel like iâ€™d pull all of this off ğŸ˜³', 'i am my bestfriend and i think evreything will fit me well']",part one <3 ,#fashion #fashiontok #fashionweek #aesthetic #pinterest #zodiacs #astrology #foryoupage #fyp #foru #fypã‚· #bookworm #gymtok #foryou #fypp,romanticize that jealousy jealousy life,7/6/2021 15:56,11/18/2023 18:04
https://www.tiktok.com/@kristy.sarah/7192747305148140842,kristy.sarah,Kristy Sarah,2400000,14400000,6778,6172,"['Doja dupe', 'Where on earth does she get these outfits from and so fast ğŸ˜‚']",the way his lip quivered though ,#dojacat #doja #pfw #parisfashionweek #fashionweek #reactions #couples #fw ,original sound,1/26/2023 0:13,11/18/2023 18:04
https://www.tiktok.com/@clemnhc/7121284787414813958,clemnhc,C L E M,2400000,14100000,8072,4929,"['she looks so real', 'rich or not, makeup on or off, sheâ€™s literally gorgeous']",elle a pas de pores ğŸ˜¢  ,#bellahadid #pfw #fashionweek #paris,som original,7/17/2022 10:22,11/18/2023 18:04
https://www.tiktok.com/@vincenzo.diminoo/7065008168807730478,vincenzo.diminoo,Vin,2400000,11700000,50200,28900,"['This shoulda been this years Super Bowl performance', 'with yo man in Miami âœ¨material gworlâœ¨']",Yâ€™all MATERIAL GWORLLL WAS GIVINGğŸ˜‚ğŸ˜‚ğŸ˜‚ ,#fyp #materialgirl #nyfw #fashionweek,original sound,2/15/2022 18:40,11/18/2023 18:04
https://www.tiktok.com/@alixpvrispam/7069705324151852294,alixpvrispam,alix âœ°,2300000,9100000,5665,7962,"['DAMN I DIDNT KNOW SHE WAS THIS PRETTY', 'GOD RED HEAD KENDALL']",,#kendalljenner #paris #fashionweek <3,I love u so sped up,2/28/2022 10:27,11/18/2023 18:04
https://www.tiktok.com/@zhannared/6910679264018976005,zhannared,Zhanna Red,2200000,9700000,10100,6653,"[""Victoria's secret: ğŸ˜ğŸ¤©ğŸ¤—\nGucci: ğŸ˜ğŸ˜ğŸ˜"", ""i loveee victoria's secret catwalks they are sooo energetic and radiate amazing energy""]",so much fun making this ğŸ¤“ ,#BoxingDay #modeltok #runwaymodel #modelcheck #modelling #kwanza #runwaywalk #catwalkchallenge #russianmodel,Originalton,12/26/2020 21:25,11/18/2023 18:04
https://www.tiktok.com/@leoniehanne/6929991416059841797,leoniehanne,Leonie Hanne,2200000,13900000,20700,11200,"['Do you need a dog??? I can bark.', '@nessaa697 OMGğŸ˜³ğŸ˜³ğŸ˜³']",What Iâ€™d wear FRONT ROW - Corona edition! Whatâ€™s your fav mask look? ğŸ–¤,#fashionweek #fashion #tiktokfashion,Such a Whore (Stellular Remix),2/16/2021 22:26,11/18/2023 18:04
https://www.tiktok.com/@n.nina666/6961669676690722053,n.nina666,Nina lin,2100000,8200000,13600,11200,"['U mean Nikki minajğŸ˜«ğŸ’€', ""Dude I didn't expect Nicki.""]",We drank from the same bottleğŸ¤ª  ,#fyp #Foryou #nyc #fashionweek #nickiminaj #car #cardio #running#18 #SipIntoSummer #MAKEYOURMOVE  #illneverforgetyou,Never Forget You,5/13/2021 7:14,11/18/2023 18:04
https://www.tiktok.com/@britneymnsn/7197484131628911877,britneymnsn,Britney Manson,2100000,8800000,3491,6147,"['the twins ate', 'YOU AND THE MODEL TWINS ARE A COMBO']",PLOT TWIST AT THE END!!!! I wasnt expecting for itâ€¦and thanks to @MAXIMILIAN ALEXANDER GEDRA for this amazing dress â¤ï¸ ,#model #modeling #modellife #modelscout #runwaywalk #runwaymodels #catwalkmodel #runwaychallenge #catwalkchallenge #catwalk #pov #fashionweek ,ë‚œë¦¬ë‚˜ (inst),2/7/2023 18:34,11/18/2023 18:04
https://www.tiktok.com/@yungalyy/7121434139743620358,yungalyy,Aly Meghani,592500,5900000,520,1331,"['it suits her so well', 'replace the heels with some sneakers and it would be perfectttt']",Who wants a part 2?ğŸ‘€ thanks @Amber ,#streetwearoutfits  #summeroutfitinspo #streetwearinspo #femalestreetwear,Doja,7/17/2022 20:01,11/18/2023 18:04
https://www.tiktok.com/@yungalyy/7092738640618540293,yungalyy,Aly Meghani,33100,325400,67,163,"['short king ğŸ’ªğŸ’ª', 'yall look like a perfect match :)']",Who wants more female outfit inspo?  @Dalia Wain thanks for participating! ,#tylerdurden #femalestreetwear #streetwearinspo #outfitinspiration,original sound,5/1/2022 12:08,11/18/2023 18:04
https://www.tiktok.com/@ppatricious/7190867109528882438,ppatricious,Pati,28600,222000,152,162,"['FÃ¼hl ich absolut nichtğŸ˜‚', 'Das sieht aus wie piratenschiff']",,#sneakers #vlog #customizedairforce #femalestreetwear ,fukashigi no carte lofi (bunny girl senpai),1/20/2023 22:37,11/18/2023 18:04
https://www.tiktok.com/@yungalyy/7049835911315557638,yungalyy,Aly Meghani,26000,334400,284,233,"['Those chains are HARDDDD, where do you get your jewellery from??', 'INSANE FITS']",Reply to @merakaryouti  I hope you enjoyed â¤ï¸âœ¨ what was your fave look? ,#femalestreetwear #outfitinspiration #streetwearinspo #streetstyle,Vmesh Beats off da leash x rip,1/5/2022 21:23,11/18/2023 18:04
https://www.tiktok.com/@hoodrichwmns/7146268794510478598,hoodrichwmns,Hoodrich Womens,15800,135600,128,674,"['@Lauren I want', '@Lily.Redgwick ngl i want']","Outfit 1, 2 or 3? âœ¨",#FROMNOTHINGTOSOMETHING #womensfashion #tracksuit #femalestreetwear #hoodrich #hoodrichwomens #fashiontiktok #fyp ,met her kn the internet,9/22/2022 18:12,11/18/2023 18:04
https://www.tiktok.com/@thegoodgirlsclub.ca/6887397567328455937,thegoodgirlsclub.ca,The Good Girls Club,10000,82300,181,210,"['Originally here for the jam... Stayed for the vibe! #queenlifeğŸ‘‘', 'This is amazing work youâ€™re doing!! Iâ€™m so excited for you.']",Hope you can join the club! ğŸ¤ ,#fyp #foru #femalestreetwear #lgbt #blm #smallbusiness #feminism,Jcole remix,10/25/2020 3:40,11/18/2023 18:04
https://www.tiktok.com/@sydsfits/7246439962114034987,sydsfits,Syds Fits ğŸ§ğŸ½â€â™€ï¸,5311,78200,30,78,"['NO THAY IS SO CUTE', 'How much are the pants']",When it looks good laid out but not tried on ğŸ¥² ,#sydsfits #femalestreetwear #streetwearinspoforgirls #laidoutvstriedon #sydsfitssummer2023 #universityblue4s #minustwocargo ,original sound,6/19/2023 16:48,11/18/2023 18:05
https://www.tiktok.com/@thegoodgirlsclub.ca/6908013325184011525,thegoodgirlsclub.ca,The Good Girls Club,3768,23700,39,101,"[""Its December and you're still out here giving us HEAT ğŸ”¥ğŸ”¥ ğŸ¥µâ¤"", 'Are you hiringğŸ¥º. I love fashion tooğŸ¥°']",Stay for a while âœ¨ ,#LoveStory #fyp #foru #toronto #femalestreetwear #vibes #gettoknowme,original sound,12/19/2020 17:00,11/18/2023 18:05
https://www.tiktok.com/@hustle.dreamss/7054689301275168005,hustle.dreamss,Hustle Dreamsâ˜ï¸.,2753,20200,5,26,"['Tiktok really knows meğŸ˜­', '@yessir1285']",streetwear 4 the female hustlers â˜ï¸ğŸ”«,#femalestreetwear #femalehustler #smallbusiness #graphictees #graphicjoggers #falselashes,original sound,1/18/2022 23:17,11/18/2023 18:05
https://www.tiktok.com/@sydsfits/7247233234935745834,sydsfits,Syds Fits ğŸ§ğŸ½â€â™€ï¸,1692,72800,33,23,"['Just ordered mine ğŸ˜»', 'where is the second green pants from ?']",How To Style Pine Green SB Jordan 4s For Girls ğŸ€ Streetwear Inspo For Girls ğŸ™‡â€â™€ï¸ ,#3differentoutfits #sameshoedifferentoutfit #howtostylepinegreen4s #sydsfits #greenstreetwear #summerstreetwearinspo #baddieoutfitinspo #igoutfitinspo #instagramoutfitinspo #sydsfitssummer2023 #streetwearforgirls #femalestreetwear #streetwearinspoforgirls #streetwearforwomen ,21 Svg Metro,6/21/2023 20:06,11/18/2023 18:05
https://www.tiktok.com/@charlyfireinthebooth/7198583171955412230,charlyfireinthebooth,Charly,1412,23200,5,26,"['What air max are these please?ğŸ”¥', 'should of used a Goldie Tune....']",Dunno ğŸ’™ğŸ’™ ,#ukstreetwear #fitcheck #fashioninspo #femalestreetwear #nike90s #streetwear #streetwearstyle ,UKG Forever,2/10/2023 17:39,11/18/2023 18:05
https://www.tiktok.com/@vintagedollrisa/6935579124761136389,vintagedollrisa,vintagedollrisa,1308,17600,29,23,"['That basketball bag is fresh tho', 'Itâ€™s the purse for meeeeğŸ˜ğŸ˜']",Everything icy! ğŸ’ğŸŒ¸ğŸŒºğŸ’§ğŸŒ¼â„ï¸ğŸŒ»ğŸ’ ,#fyp #foryou #tiktokfashion #outfitinspo #blackgirlfashion #jadedldn #ruve #femalestreetwear,EVERYTHANG EXCLOOSIVV,3/3/2021 23:49,11/18/2023 18:05
https://www.tiktok.com/@charlyfireinthebooth/7204531713454656774,charlyfireinthebooth,Charly,1278,17200,8,24,"['Tune', 'that palace jacket is hard, do you know what season itâ€™s from ?']",Brain dead Sunday ,#fashioninspo #nikeairmax #palaceskateboards #ukstreetwear #outfitinspo #femalestreetwear #cavempt #fashiontiktok ,Dirty Harry,2/26/2023 18:22,11/18/2023 18:05
https://www.tiktok.com/@thevrinch/7142793125776329989,thevrinch,The vrinch,1214,5532,1,10,"['sheâ€™s my favorite lolâ¤ï¸', 'I wish someone could an edit like this ğŸ˜­ğŸ¥º']",,#fashionfyp #newcreator #femalestreetwear #femalecreator #amal thank you guy so much for 3k @The vrinch ,,9/13/2022 9:25,11/18/2023 18:05
https://www.tiktok.com/@vintagedollrisa/7074591635786468613,vintagedollrisa,vintagedollrisa,1186,11500,9,26,"['Okay but why didnâ€™t I know about thisğŸ¥²', 'Why do I never know about these things ğŸ¥²ğŸ¥²ğŸ¥²']",Shoutouts to @Kickgameuk â¤ï¸â€ğŸ”¥ğŸ‘ŸğŸ™ŒğŸ½âœ¨ ,#fyp #femalestreetwear #uktiktok #sneakers,Finesse,3/13/2022 14:28,11/18/2023 18:05
https://www.tiktok.com/@_ray1991/7165914767117323566,_ray1991,Ray,1194,43500,43,14,"['Where do you get it from through', 'ğŸ˜…ğŸ˜…']",| Episode 5 | Female ğŸ’§ âœ¨âœ¨ ,#foryou #fyp #foryoupage #streetwear #streetfashion #femalestreetwear #outfitinspiration  #streetwearinspo  #streetstyle ,Bikini Bottom,11/14/2022 16:49,11/18/2023 18:05
https://www.tiktok.com/@hustle.dreamss/7060016040427752709,hustle.dreamss,Hustle Dreamsâ˜ï¸.,982,20900,7,8,"['@xavahanlon omg there fit', '@jamesisthebest191 might get these ğŸ˜®\u200dğŸ’¨']",not mid over hereâ˜ï¸â• ,#graphicjoggers #femalestreetwear #smallbusiness #ukdrip #streetwear #ootd,duehdjdbwjdbjebdc,2/2/2022 7:48,11/18/2023 18:05
https://www.tiktok.com/@charlyfireinthebooth/7209708892303985926,charlyfireinthebooth,Charly,790,8268,5,15,"['The palace jacket is fire', 'love your tats']",Roughhh shop run âš°ï¸ ,#outfitinspo #palaceskateboards #fashioninspo #nikeairmax #nike #femalestreetwear #streetwearstyle #stussy #streetwearfashion ,Mr Universe (feat. General Levy),3/12/2023 17:12,11/18/2023 18:05
https://www.tiktok.com/@legendarysilk/7265890236369063211,legendarysilk,Legendary $ilk,727,8060,8,5,"['Yk when my Oder gonna ship', 'You dropping more of the Simpson shirts']",You looking for a new brand to wear???! ,#fuckuuniversity #menstreetwearfashion #femalestreetwear #fashiontiktok #streetwearfashion ,Boat Interlude (feat. Lil Yachty),8/11/2023 2:45,11/18/2023 18:05
https://www.tiktok.com/@sydsfits/7245728828138605866,sydsfits,Syds Fits ğŸ§ğŸ½â€â™€ï¸,681,15000,2,19,"['@Ashlea me', 'very much agree girl!']",Shoes = Happiness âœ¨ğŸ‘Ÿ whats your favorite sneaker? ,#youknowwhatineedinthismomentofchaos #acoldciggeratetoeasethepain #sydsfits #femalesneakerhead #iwantmoreshoes #jordan4collection #femalestreetwear #streetwearforgirls #summeroutfitinspo ,yk what i need in in this moment of chaos,6/17/2023 18:48,11/18/2023 18:05
https://www.tiktok.com/@vintagedollrisa/6905330472021150977,vintagedollrisa,vintagedollrisa,657,4307,7,23,[],FITS AFTER FITS AFTER FITS!! ğŸ¤©ğŸ¤âœ¨ ,#outfitinspiration #mystyle #fashioninspo #femalestreetwear #influencer #lookbook #sneakerhead,Drip Like ME,12/12/2020 11:29,11/18/2023 18:05
https://www.tiktok.com/@naineenardin/7059552423727320367,naineenardin,NaineeNardin,589,6013,2,28,"['Love a little pop of color!', 'I love the top ğŸ¥°']",Do u prefer neutrals or colorful fits? Neutrals+pop of color is my go toğŸ¤,#grwm #gdwm #simplefit #outfitinspo #femalestreetwear #streetstyle #fyp,ash,2/1/2022 1:48,11/18/2023 18:05
https://www.tiktok.com/@realartisticpeople/7157384850767449350,realartisticpeople,Real Artistic People,582,62000,12,11,"['Iâ€™m 5ft 8 do you think a size M wld fit me with an oversized look?', '@AdamxsğŸ‘½ğŸ¦ğŸ']",Restocking ğŸ‘€ ,#ForTheCulture Hoodie is back #realartisticpeople #streetwearculture #femalestreetwear #culturehoodie,son original,10/22/2022 17:08,11/18/2023 18:05
https://www.tiktok.com/@himmothychalamet/7218994760906886446,himmothychalamet,Himmothy chalamet,565,6031,3,12,"['All this!', 'Kinda like Grace Jones']",Replying to @mali.tic ,#greenscreen #coileray #stylebreakdown #androgny #streetwear #fashion #femalestreetwear #womeninstreetwear #femalerapper #bottega #rickowens #teyanataylor #bape #supersweet16 ,original sound,4/6/2023 17:46,11/18/2023 18:05
https://www.tiktok.com/@greedhateenvy.com/7256948508022918443,greedhateenvy.com,GREEDHATEENVY,493,17500,4,12,['Already out of stock ğŸ˜¢'],"Girls ğŸ’— to ğŸ’œ UV reactive ribbed tank top available now! -Dyed with UV reactive dye for color changing effect, changes from pink to blue/lilac in sunlight -Screen printed design â€¢ â€¢ â€¢ ",#screenprinting#streetwear#streetwearphotography#photography#videography#colorchanging#uvreactive#handmade#dye#dyed#altstyle#gothstyle#femalestreetwear#vendingmachine#candid#y2k#y2kfashion ,original sound,7/18/2023 0:26,11/18/2023 18:05
